task,layer,neuron,alpha,rho,omega,eta_0,eta_1,lambda_reset,firing_rate
ECG,0,0,0.99280214,0.95004493,0.2121132,0.71993786,0.72225714,0.21209215,0.4613309
ECG,0,1,0.9060746,0.6838926,0.07057221,0.79850715,0.8494291,-0.18773204,0.99923134
ECG,0,2,0.97548884,0.9371221,0.16493489,0.53109366,0.8803004,0.24617775,0.8834721
ECG,0,3,0.9671202,0.9571302,0.14632757,0.63187087,0.44260368,0.1989458,0.39833516
ECG,0,4,0.9736491,0.75157326,0.31371656,0.578104,0.69986063,-0.00048939604,0.073996544
ECG,0,5,0.9832085,0.92752606,0.1704404,0.844489,0.63283014,-0.14303459,0.18832213
ECG,0,6,0.9724319,0.6829991,0.47531545,0.32191172,0.32127455,-0.059648078,0.103493765
ECG,0,7,0.97058016,0.941978,0.22020005,0.8838138,0.6859718,0.11200535,0.110084444
ECG,0,8,0.93375295,0.83903307,0.2372742,0.80981135,0.543699,0.100347735,0.25597876
ECG,0,9,0.968095,0.8906439,0.10276328,0.70571756,0.8368299,-0.10092541,0.2548667
ECG,0,10,0.96091926,0.8489676,0.21459426,0.61811525,0.8397039,0.0057927556,0.46883193
ECG,0,11,0.9572889,0.82784146,0.287522,0.7826635,0.7602266,-0.14327356,0.6091877
ECG,0,12,0.9765852,0.7708025,0.41268453,0.6174034,0.3621727,0.16043562,0.064314954
ECG,0,13,0.9811802,0.76166224,0.27449262,0.76967657,0.8701459,-0.038363855,0.3818285
ECG,0,14,0.9965377,0.92102104,0.5310754,0.88114554,0.61631167,-0.19576474,0.34214815
ECG,0,15,0.98346436,0.91707844,0.18302354,0.74699956,0.788857,-0.18386112,0.872891
ECG,0,16,0.9839834,0.914858,0.56337386,0.67618376,0.7063618,0.104522154,0.8818748
ECG,0,17,0.97404486,0.88805723,0.3327603,0.7748285,0.8993715,-0.18339725,0.35707393
ECG,0,18,0.9832078,0.9385384,0.43577376,0.5911528,0.8497712,-0.1740971,0.18192771
ECG,0,19,0.97604036,0.8338694,0.3779895,0.78896475,0.7430786,0.21920931,0.54088235
ECG,0,20,0.98081,0.9284213,0.27945283,0.58121586,0.8912805,0.049999744,0.6860789
ECG,0,21,0.9905714,0.75478655,0.32609022,0.8258367,0.7837978,0.20003566,0.1906771
ECG,0,22,0.94707364,0.9643235,0.1388623,0.44418228,0.66137356,0.0013916398,0.4574659
ECG,0,23,0.96216923,0.8436146,0.3822662,0.6531388,0.82270324,0.21295223,0.779395
ECG,0,24,0.9840576,0.88852847,0.21302117,0.7771477,0.6817515,0.4168069,0.09242754
ECG,0,25,0.9636487,0.88643205,0.12935667,0.4349664,0.8824647,0.05250341,0.3688652
ECG,0,26,0.92502546,0.61447334,0.09323821,0.88242954,0.7051001,0.3491933,0.99923134
ECG,0,27,0.96449596,0.9199959,0.51822376,0.52240115,0.7730667,0.041950252,0.33182877
ECG,0,28,0.9959687,0.76562786,0.14568713,0.83973515,0.4468609,-0.010361176,0.48652154
ECG,0,29,0.9813456,0.76542336,0.22684847,0.82120705,0.52928287,0.03585278,0.6117062
ECG,0,30,0.9850449,0.9179549,0.5808544,0.6459409,0.58038515,-0.17570868,0.08934208
ECG,0,31,0.9929194,0.9561597,0.062863216,0.49323514,0.6604665,0.01093827,0.56847703
ECG,0,32,0.9673178,0.7814349,0.27492404,0.51682097,0.84322625,-0.013292895,0.43872416
ECG,0,33,0.9798268,0.47577813,0.36815384,0.48131233,0.89921635,0.10507479,1.0
ECG,0,34,0.96626484,0.9493783,0.38744286,0.83072203,0.38797653,-0.3658908,0.5179758
ECG,0,35,0.9426292,0.9509893,0.2753744,0.71300703,0.86885995,0.151338,0.14229098
GSC,0,0,0.9676536,0.99670994,0.39567918,0.60471356,0.014002001,-0.017153317,0.26391295
GSC,0,1,0.95794684,0.93281525,0.21849841,0.2666701,0.023697782,0.91025126,0.14002681
GSC,0,2,0.87334245,0.9578992,0.11377124,0.35436687,0.103832185,0.10463344,0.111215964
GSC,0,3,0.8727931,0.880279,0.35441384,0.12752672,0.06103408,0.23908393,0.113309614
GSC,0,4,0.9005414,0.81061083,0.76988685,0.22336404,0.10776822,0.108741924,0.2502372
GSC,0,5,0.54540884,0.92565054,0.22796129,0.13688724,0.011965614,-0.06555824,0.10890058
GSC,0,6,0.98500246,0.8734936,0.12420754,0.14071804,0.5722634,-2.1637805,0.036757424
GSC,0,7,0.9968342,0.8485266,1.4402472,0.34291178,0.70709646,-0.35768792,0.06021555
GSC,0,8,0.81684184,0.76119655,1.3056759,0.10890675,0.11096457,0.08793446,0.12928528
GSC,0,9,0.8934265,0.9799415,1.3813663,0.28175834,0.033022214,-0.0036400286,0.16500103
GSC,0,10,0.8203045,0.989121,1.4249736,0.318017,0.22872068,-0.022971945,0.08426155
GSC,0,11,0.99508333,0.97002405,0.08733115,0.4446036,0.039795235,-0.7953515,0.07080755
GSC,0,12,0.9930494,0.8526281,0.20285043,0.23016727,0.012577184,-0.38966632,0.22646968
GSC,0,13,0.82445127,0.9313024,2.2441022,0.17919238,0.10477993,0.029063663,0.11725454
GSC,0,14,0.9922822,0.83852386,0.82091683,0.4241978,0.27767804,-0.3715591,0.24509591
GSC,0,15,0.9050249,0.9578531,1.5750676,0.7282613,0.7692142,0.3448966,0.13582405
GSC,0,16,0.8215139,0.9493494,2.0411339,0.25759014,0.031176005,-0.05448754,0.24313119
GSC,0,17,0.7813742,0.7820321,0.3387687,0.03700532,0.038888093,-0.1515436,0.27837768
GSC,0,18,0.9167992,0.9010375,0.7300841,0.114361845,0.4279592,0.02785301,0.25120154
GSC,0,19,0.8880922,0.8852376,1.8019464,0.33559892,0.026201604,-0.06120203,0.03177599
GSC,0,20,0.7521583,0.9892319,1.4643251,0.12651342,0.022272965,0.0047105732,0.09749381
GSC,0,21,0.9863643,0.95205414,0.7766864,0.7891172,0.04775466,0.6834758,0.27660376
GSC,0,22,0.9908155,0.84229267,0.35527265,0.07087328,0.023514325,0.07009027,0.08412748
GSC,0,23,0.81044585,0.9854043,2.0232446,0.7217507,0.3981097,0.5409731,0.025825083
GSC,0,24,0.96846527,0.9612974,2.3782516,0.4695323,0.008804136,0.0071127983,0.17685127
GSC,0,25,0.93244034,0.98372734,0.9512423,0.3163381,0.013620611,0.008988389,0.005656972
GSC,0,26,0.92143935,0.7516902,0.7326216,0.09371505,0.037771117,0.14817078,0.20061882
GSC,0,27,0.9914778,0.7291339,0.21113396,0.2165031,0.20232648,0.81008106,0.2302238
GSC,0,28,0.9946338,0.6995734,1.2617863,0.047898952,0.009461005,0.08441369,0.13793316
GSC,0,29,0.8021798,0.99388254,0.86741495,0.19357717,0.2787952,-0.017320475,0.07192141
GSC,0,30,0.9395914,0.89239466,1.543948,0.4629592,0.5341005,0.3925423,0.3553218
GSC,0,31,0.88444746,0.7764811,0.23913994,0.18735902,0.0074065644,1.7239574,0.07444823
GSC,0,32,0.9872508,0.9131254,0.10058338,0.2475685,0.21096602,-1.779783,0.095431104
GSC,0,33,0.9988404,0.8419207,1.1661652,0.44650137,0.1302886,0.13474642,0.12139026
GSC,0,34,0.86798525,0.96167123,0.1470332,0.38585314,0.042418584,-1.1580676,0.10203177
GSC,0,35,0.9157034,0.9517326,1.4383696,0.14412218,0.043541882,-0.13444516,0.10760623
GSC,0,36,0.80334085,0.99069667,1.0189103,0.122211196,0.043239854,-0.29128483,0.30300638
GSC,0,37,0.8844034,0.77983683,0.27825433,0.18719983,0.005846232,0.14694346,0.107559815
GSC,0,38,0.84554094,0.9719111,0.3217097,0.29789943,0.51027757,-0.054272875,0.17554662
GSC,0,39,0.99508923,0.834955,0.3042477,0.39162254,0.06853221,1.6012629,0.059591584
GSC,0,40,0.98797995,0.78490174,0.50434697,0.05743144,0.102990575,-0.23901737,0.093858294
GSC,0,41,0.99465394,0.95061845,0.83757645,0.20141102,0.008534459,-0.010784938,0.06711015
GSC,0,42,0.79469246,0.95477843,1.1664549,0.17685439,0.55314523,0.725827,0.07889851
GSC,0,43,0.9931452,0.98330647,0.44360247,0.270976,0.11114306,0.032237843,0.103630364
GSC,0,44,0.92913306,0.7691619,0.36227742,0.13951746,0.07796485,0.16940574,0.23093028
GSC,0,45,0.9963741,0.868182,0.6637504,0.074255325,0.010100112,-0.095221065,0.13520008
GSC,0,46,0.7304177,0.74612266,1.4006948,0.11450374,0.09090708,-0.061022297,0.09575082
GSC,0,47,0.999928,0.9412053,0.756797,0.29956698,0.057346277,0.007317721,0.053336427
GSC,0,48,0.6308324,0.81976753,0.81874436,0.47975087,0.24061647,-0.2915113,0.2859014
GSC,0,49,0.93861437,0.9237904,1.6843374,0.3023039,0.045941,0.006350237,0.2084571
GSC,0,50,0.9998061,0.9594292,0.41923618,0.25519118,0.47877088,0.7913908,0.08021865
GSC,0,51,0.95007,0.75062156,0.21280757,0.15298659,0.01376048,0.056095514,0.1539243
GSC,0,52,0.9243553,0.79188395,0.1381941,0.27496225,0.030315768,0.0380731,0.1597566
GSC,0,53,0.80736804,0.97430885,1.5380713,0.16956522,0.04662763,0.019897642,0.120755985
GSC,0,54,0.891851,0.8457342,1.6308926,0.21538456,0.67111164,0.41860697,0.40500206
GSC,0,55,0.99808866,0.89386725,0.76222205,0.10259861,0.0070349043,0.038069315,0.08972257
GSC,0,56,0.9906499,0.97774416,2.458324,0.7276566,0.07756667,-0.10520309,0.18477207
GSC,0,57,0.9925492,0.93642944,0.13815472,0.556035,0.010773132,0.05340838,0.07087459
GSC,0,58,0.95099413,0.8820452,0.79412764,0.9026286,0.43644685,0.2819919,0.013830446
GSC,0,59,0.8748922,0.8973233,1.278166,0.10102572,0.1879578,0.13883282,0.57590246
GSC,0,60,0.96091044,0.9333578,0.33528692,0.7376367,0.8097402,0.010790872,0.16928631
GSC,0,61,0.75476027,0.79714113,0.33355936,0.19343783,0.2299529,-0.017446164,0.09880879
GSC,0,62,0.99730396,0.9638234,0.70513064,0.11389399,0.03718351,0.3918524,0.10495565
GSC,0,63,0.97589713,0.82509094,0.4438433,0.308541,0.03558085,-0.118075795,0.21318585
GSC,0,64,0.97076935,0.79783684,0.27391925,0.11648805,0.012050315,-0.05210989,0.1663882
GSC,0,65,0.9773956,0.98323685,2.0261333,0.20299327,0.11275098,0.026391543,0.105326936
GSC,0,66,0.88645804,0.988786,0.08685322,0.22145401,0.007550131,-0.36930612,0.23923783
GSC,0,67,0.8237838,0.96508914,0.15274191,0.20953102,0.103511274,-0.7254011,0.07901712
GSC,0,68,0.9825859,0.70050764,0.07036584,0.07355111,0.023759028,-0.0036315713,0.20085086
GSC,0,69,0.984664,0.9769151,0.16407582,0.520429,0.045413665,-0.08404874,0.25965863
GSC,0,70,0.8793634,0.96046144,0.9569606,0.3299363,0.0049860626,-0.020593185,0.2445854
GSC,0,71,0.82476306,0.9680664,0.28579357,0.31119928,0.015953349,0.14786412,0.037721742
GSC,0,72,0.7978252,0.9955153,0.53077817,0.22359967,0.18101586,-0.028859457,0.16428424
GSC,0,73,0.908197,0.96828115,1.4049754,0.30335313,0.21837474,0.040997673,0.043791253
GSC,0,74,0.99065644,0.70015544,0.32328984,0.82972836,0.8694898,1.2657278,0.97139025
GSC,0,75,0.8561644,0.73675716,0.28840315,0.22232045,0.07455185,0.12194948,0.010813737
GSC,0,76,0.87792605,0.9623518,1.9937729,0.295644,0.33401105,-0.18399544,0.002176155
GSC,0,77,0.95651186,0.9195829,0.13573042,0.41138443,0.16895352,-1.3909465,0.1486644
GSC,0,78,0.982369,0.9331206,0.7674225,0.040623855,0.22578275,-0.110790595,0.12201939
GSC,0,79,0.86021566,0.89736927,0.9363984,0.18659142,0.09564919,0.3019696,0.056126237
GSC,0,80,0.92043674,0.9437768,0.98488104,0.82617235,0.3921347,-1.4518278,0.111499585
GSC,0,81,0.88267815,0.8569145,0.39076284,0.17709158,0.011627244,-0.06987965,0.0956941
GSC,0,82,0.82650304,0.7895656,1.4074438,0.23507585,0.011358484,-0.30713612,0.042213283
GSC,0,83,0.76851815,0.963643,2.1780443,0.12965915,0.0031265274,-0.032457657,0.06413985
GSC,0,84,0.9269527,0.97411907,1.4963173,0.12541208,0.6728526,-0.08040115,0.31106126
GSC,0,85,0.733932,0.96423376,0.4017478,0.16181083,0.040231388,-0.048707634,0.05093853
GSC,0,86,0.99399453,0.71332955,0.6947091,0.29830405,0.56134015,0.44709617,0.09487933
GSC,0,87,0.7508436,0.85980487,0.2814772,0.14044888,0.1613386,2.4189763,0.015068069
GSC,0,88,0.7650063,0.9399442,1.1577904,0.10253119,0.016356753,0.22674103,0.2927599
GSC,0,89,0.99719584,0.7503794,0.54266936,0.18629771,0.014333661,-0.04638696,0.1998453
GSC,0,90,0.92833865,0.94141126,1.2145181,0.21720546,0.055761386,-0.111344285,0.040269185
GSC,0,91,0.9931114,0.96838135,0.17689659,0.44363704,0.010633668,-0.5323484,0.17894493
GSC,0,92,0.9954171,0.7033966,0.32916707,0.4779778,0.0066009685,-1.0305414,0.036551155
GSC,0,93,0.9821008,0.8379973,0.46626782,0.14874981,0.026296798,0.25249377,0.125428
GSC,0,94,0.89218366,0.93917733,0.5856949,0.15058003,0.017096564,0.03126266,0.01922958
GSC,0,95,0.9914478,0.5309085,0.054192234,0.15097503,0.007592413,-0.43943703,0.13582405
GSC,0,96,0.848635,0.91754174,0.5291521,0.20547627,0.12846678,-0.38802725,0.23374587
GSC,0,97,0.8862125,0.9811288,0.099467196,0.46043342,0.026140198,-0.026120814,0.14751959
GSC,0,98,0.8291935,0.92186475,2.024713,0.23583308,0.38077372,-0.027279383,0.049272895
GSC,0,99,0.9662919,0.93099856,1.8355423,0.32897887,0.019842153,0.055051833,0.38985664
GSC,0,100,0.9562456,0.9913009,1.5400697,0.45923522,0.013628423,-0.097155385,0.19567348
GSC,0,101,0.9174376,0.9665364,1.2423241,0.3696715,0.02339501,-0.011850803,0.18935128
GSC,0,102,0.9253485,0.8865411,0.19052364,0.40193582,0.009005394,-0.54870707,0.10464624
GSC,0,103,0.9055386,0.87993306,1.3852513,0.1194208,0.086515814,-0.024252823,0.034782384
GSC,0,104,0.95895344,0.9407724,0.23352045,0.9300036,0.82351494,0.14122884,0.0005878713
GSC,0,105,0.99884593,0.95573777,0.43357354,0.2850723,0.052215587,0.2681776,0.098721124
GSC,0,106,0.9963284,0.8711092,0.33373746,0.55531526,0.007875719,-1.0117689,0.015707508
GSC,0,107,0.77455163,0.6969241,1.1530843,0.12133038,0.3434771,0.5866404,0.023540635
GSC,0,108,0.768292,0.87868667,0.68829536,0.06401377,0.008241996,-0.23188443,0.11233498
GSC,0,109,0.9368535,0.97728807,0.39837572,0.7304512,0.22647958,0.89306897,0.08173474
GSC,0,110,0.9648142,0.89524305,1.0293264,0.90434664,0.9302794,-0.60884297,0.02597463
GSC,0,111,0.9959169,0.9811117,0.26055646,0.33420902,0.020775823,-0.2649621,0.19684406
GSC,0,112,0.99957925,0.96086675,0.5336657,0.1187889,0.015148355,0.11243095,0.0878816
GSC,0,113,0.8625892,0.91985637,1.6798254,0.2737826,0.8778604,-0.31126484,0.013479785
GSC,0,114,0.97265923,0.88462126,0.3110926,0.21393442,0.016769413,0.05036695,0.19160478
GSC,0,115,0.99995255,0.9979684,1.0449269,0.017437926,0.36282077,0.23864245,0.0
GSC,0,116,0.9905042,0.89751965,0.45258197,0.24244653,0.014397762,0.09598624,0.18555075
GSC,0,117,0.997134,0.91960233,1.1329403,0.708491,0.06593985,-0.1604055,0.054460604
GSC,0,118,0.7397229,0.9807732,0.8196217,0.21000215,0.024105435,0.009018814,0.16072607
GSC,0,119,0.9327383,0.9612849,0.36808845,0.10943545,0.15561077,-0.025447857,0.1142172
GSC,0,120,0.99200773,0.9435389,0.25263292,0.34340152,0.04564875,-0.59521574,0.24470401
GSC,0,121,0.8030296,0.93473417,0.63538605,0.35247615,0.028821386,-0.10876211,0.04096019
GSC,0,122,0.99533325,0.792155,0.96498674,0.06675213,0.007395905,-0.0348432,0.13187397
GSC,0,123,0.8300324,0.97641593,1.1477765,0.1538713,0.025758347,0.13045195,0.16127785
GSC,0,124,0.99043053,0.9902075,0.60878944,0.61483306,0.03233004,0.015092456,0.28055385
GSC,0,125,0.9979102,0.9612862,0.85781795,0.0050490946,0.18094191,-0.3558224,0.102444306
GSC,0,126,0.9936825,0.97172403,0.69257915,0.17588654,0.03173147,0.020703204,0.082106024
GSC,0,127,0.7984866,0.9756243,1.4212868,0.29890683,0.030766143,-0.045301966,0.20336737
GSC,0,128,0.98338723,0.8399095,0.26440948,0.17454095,0.016991155,-0.3763926,0.06870359
GSC,0,129,0.9016827,0.9496328,0.46512768,0.2732371,0.2261211,0.1191108,0.041058168
GSC,0,130,0.9959837,0.9777763,0.24560778,0.38427392,0.016995981,0.5260918,0.134375
GSC,0,131,0.7501277,0.76049215,1.1282471,0.19790351,0.20050737,0.58575517,0.092718646
GSC,0,132,0.98528314,0.9443564,1.2727629,0.96862566,0.95615786,0.77885157,0.013340553
GSC,0,133,0.7897964,0.9363572,0.71778756,0.09876847,0.08713535,0.02102983,0.01632632
GSC,0,134,0.98866045,0.7018203,0.4344393,0.11830503,0.09783329,1.1101444,0.22224113
GSC,0,135,0.9384001,0.86701155,0.34663957,0.058018148,0.015002215,-0.17208795,0.08798473
GSC,0,136,0.8285794,0.8349843,0.22603,0.25234926,0.0038044201,-1.0511372,0.023829414
GSC,0,137,0.90144664,0.93496156,1.2675864,0.15678455,0.022112213,-0.1305916,0.15835911
GSC,0,138,0.995462,0.8481236,0.4558751,0.041229583,0.0059559853,0.03937787,0.15918936
GSC,0,139,0.78182745,0.8993401,1.6392431,0.4897047,0.11587507,-0.016228322,0.070240304
GSC,0,140,0.62962234,0.8703162,0.8329131,0.090261884,0.21579093,0.17193134,0.2399804
GSC,0,141,0.858638,0.88565063,1.1586539,0.2241527,0.33530736,-0.13500015,0.10039192
GSC,0,142,0.84325254,0.857095,0.21324225,0.27367207,0.06679413,1.5782475,0.06066419
GSC,0,143,0.9845648,0.88850504,0.25524077,0.18234834,0.026131427,-0.39003968,0.25260416
GSC,0,144,0.6478694,0.9047377,1.7833105,0.099637225,0.17951638,-0.026225781,0.013974835
GSC,0,145,0.8224141,0.78566784,1.221882,0.15199302,0.18913944,-0.020259464,0.022076113
GSC,0,146,0.8470677,0.9832154,1.2731655,0.21438874,0.004306283,0.030656273,0.16047855
GSC,0,147,0.9910306,0.9667412,1.653362,0.24495593,0.025766483,0.014980941,0.03196679
GSC,0,148,0.8776942,0.99670595,1.1037415,0.43177614,0.008869904,0.015064653,0.12042595
GSC,0,149,0.95798093,0.88814765,0.5261293,0.80202,0.32290402,0.076709844,0.092455655
GSC,0,150,0.9980738,0.8581468,1.4081998,0.7412659,0.9441189,-1.2571843,0.99254334
GSC,0,151,0.9840449,0.98678863,1.8470846,0.6533539,0.2976199,0.1803572,0.00020627063
GSC,0,152,0.995346,0.67592394,0.72021425,0.7066476,0.602601,-0.4169762,0.056533623
GSC,0,153,0.989127,0.9242935,0.19345476,0.19724375,0.029436518,0.2713216,0.07072504
GSC,0,154,0.99369365,0.7477739,0.1877126,0.23838587,0.06542986,-0.05410652,0.06695545
GSC,0,155,0.8168929,0.6427047,0.20558646,0.06764695,0.042884823,0.54415953,0.30527538
GSC,0,156,0.85106415,0.9233821,0.76384187,0.17215018,0.056913216,0.014992175,0.062030733
GSC,0,157,0.982669,0.8169439,0.130222,0.26841286,0.113152444,-1.3220844,0.1060231
GSC,0,158,0.8663443,0.92487276,1.591979,0.14974852,0.07487557,-0.019779941,0.21595503
GSC,0,159,0.9461827,0.9433005,0.7090862,0.24643975,0.17057516,-0.41216096,0.08957302
GSC,0,160,0.8079822,0.8666414,0.25614038,0.18904768,0.011503962,0.02209637,0.15495566
GSC,0,161,0.63731956,0.9233306,0.22011572,0.19608513,0.060006257,-0.3757172,0.07445854
GSC,0,162,0.99630606,0.941034,0.38003165,0.25518286,0.006073848,-0.56812423,0.122761965
GSC,0,163,0.67354447,0.82650685,0.35835254,0.15789324,0.03501611,-0.00010482128,0.010375412
GSC,0,164,0.84671193,0.60188633,0.9450184,0.14573736,0.6237697,0.6739973,0.14541563
GSC,0,165,0.9949063,0.7143632,0.3879314,0.20184854,0.052148085,-0.23625809,0.10024237
GSC,0,166,0.9342334,0.96217245,1.1629343,0.1571723,0.026172604,0.02742994,0.1961118
GSC,0,167,0.9889698,0.9549005,1.340372,0.53609586,0.0226588,0.058052827,0.40893668
GSC,0,168,0.99164236,0.7582891,0.43610567,0.09975708,0.0048954813,0.1279457,0.15603341
GSC,0,169,0.9951775,0.86943007,1.0469567,0.40339366,0.7783708,0.43363598,0.10427496
GSC,0,170,0.9720792,0.96115893,0.16162413,0.22066228,0.040398248,-1.1060164,0.087695956
GSC,0,171,0.9599264,0.8770215,0.69386476,0.43175715,0.009361319,0.04919168,0.13175537
GSC,0,172,0.9095792,0.9853867,0.49155173,0.37643188,0.039954413,0.540082,0.24661201
GSC,0,173,0.9917115,0.74281234,0.27616248,0.12555832,0.023507789,0.021582609,0.109540015
GSC,0,174,0.99657345,0.90548134,0.21286699,0.14754146,0.007340123,0.05506727,0.16576423
GSC,0,175,0.99586546,0.9080405,0.21401317,0.3559964,0.0053670085,0.5205187,0.06949257
GSC,0,176,0.9989172,0.9478365,0.96519357,0.0071689733,0.0056631425,0.0029561096,0.07769183
GSC,0,177,0.99698764,0.85051817,0.49462578,0.40657797,0.08813846,-0.0023827385,0.16356745
GSC,0,178,0.9990779,0.9486031,0.50645435,0.1394523,0.17936234,0.1466556,0.18616955
GSC,0,179,0.9644529,0.8848949,0.47764754,0.14689592,0.0124659445,-0.11144408,0.12010107
GSC,0,180,0.8203578,0.9629354,0.897578,0.2226754,0.02250339,-0.114982024,0.17651093
GSC,0,181,0.9286123,0.94811934,1.6941704,0.9527707,0.04979199,-0.034407932,0.023401402
GSC,0,182,0.7867135,0.8381481,0.4452069,0.07950843,0.010755229,0.023611445,0.16722876
GSC,0,183,0.9883759,0.8818437,0.18394496,0.74835306,0.10429208,-0.91547847,0.1291873
GSC,0,184,0.9950755,0.6380928,0.990379,0.10790407,0.053452354,0.5385704,0.07712459
GSC,0,185,0.99857116,0.83109564,1.083104,0.43852615,0.01292523,0.24792959,0.14073329
GSC,0,186,0.98731345,0.9446219,0.15813643,0.25547567,0.055672638,0.58536917,0.29334262
GSC,0,187,0.7915309,0.94101936,2.28009,0.12871322,0.011708901,0.01927395,0.16598082
GSC,0,188,0.9932847,0.79098797,0.63798875,0.053458545,0.0033197748,0.43204284,0.08002269
GSC,0,189,0.98671097,0.7862404,0.17446287,0.07084437,0.13900371,-0.3046087,0.2743915
GSC,0,190,0.99900156,0.9755491,0.5175243,0.0955184,0.1522833,0.08781931,0.14346123
GSC,0,191,0.8669256,0.9941519,1.1755639,0.5074416,0.026727702,-0.0035539994,0.2244379
GSC,0,192,0.53325754,0.86088365,0.3997332,0.17222676,0.079441406,0.08847288,0.0700495
GSC,0,193,0.9567724,0.95613724,2.325841,0.21936768,0.013293863,-0.005621365,0.12943482
GSC,0,194,0.90146756,0.8390123,0.7767079,0.7958834,0.30594683,0.38621342,0.0095451735
GSC,0,195,0.91490924,0.8651908,1.8561904,0.30692986,0.008150218,-0.02300569,0.09634385
GSC,0,196,0.8075655,0.9674352,2.1287177,0.12861706,0.06548227,-0.014666446,0.036587253
GSC,0,197,0.88182026,0.94026625,1.7756355,0.26328138,0.007274693,0.0010514436,0.014212046
GSC,0,198,0.98830646,0.94776195,0.09928349,0.377696,0.024241904,-0.56227034,0.22296824
GSC,0,199,0.80969393,0.98097664,1.63871,0.2366901,0.77640325,-0.02452096,0.07503094
GSC,0,200,0.81572425,0.84597206,1.7616968,0.13596293,0.074866384,-0.2642299,0.007441213
GSC,0,201,0.91305065,0.97662807,0.61685735,0.3078064,0.051578574,0.049146704,0.19622524
GSC,0,202,0.8754571,0.8777796,0.64930767,0.06133687,0.026867812,-0.03576045,0.08051258
GSC,0,203,0.94669676,0.9190353,1.0624818,0.20321864,0.27640492,-0.5557458,0.10961737
GSC,0,204,0.8094428,0.859298,0.8022913,0.091832764,0.13872337,-0.047802527,0.05886448
GSC,0,205,0.46964157,0.91359305,0.4023662,0.20853607,0.014210129,0.24754527,0.06904909
GSC,0,206,0.9961901,0.64840776,1.2109511,0.35794663,0.028367722,0.0032000314,0.07186984
GSC,0,207,0.9898581,0.64356244,0.21010286,0.13563575,0.016025756,-0.03678745,0.12742367
GSC,0,208,0.8071892,0.9836038,0.73374635,0.19890565,0.051982183,-0.0621233,0.25044864
GSC,0,209,0.8852454,0.9718536,0.9207235,0.024576487,0.0759859,-0.13132223,0.05807034
GSC,0,210,0.9457236,0.94514287,1.2408304,0.81063265,0.93136334,-1.6026403,0.8750103
GSC,0,211,0.99527454,0.8730737,0.2764428,0.22143462,0.012155933,-0.12311958,0.15300123
GSC,0,212,0.96793514,0.98031026,0.52561384,0.63570327,0.8648836,-0.8100333,0.2956838
GSC,0,213,0.8365177,0.9600924,1.5789531,0.23455468,0.0044623725,-0.025280986,0.11054043
GSC,0,214,0.99684924,0.9582707,0.1909857,0.22826263,0.006921043,-0.16232501,0.12844987
GSC,0,215,0.7209306,0.93591106,0.16045882,0.34889,0.01906584,0.099928,0.115119636
GSC,0,216,0.9034775,0.9435026,1.2824878,0.13746268,0.026699977,0.26711258,0.03638614
GSC,0,217,0.982998,0.968455,1.981836,0.94806916,0.66424626,0.536687,0.013201321
GSC,0,218,0.88368046,0.98971003,1.8387474,0.26394886,0.027236609,-0.011092511,0.20326424
GSC,0,219,0.99201715,0.9119525,0.16648561,0.30442837,0.022431197,-0.12749746,0.0680229
GSC,0,220,0.8820313,0.975513,1.5601265,0.19620512,0.09588619,0.092998594,0.07321576
GSC,0,221,0.9049345,0.9568398,0.7615273,0.16030855,0.10200862,0.23807524,0.00015470297
GSC,0,222,0.783102,0.8766596,0.8850947,0.05086016,0.013998236,-0.013377655,0.04301258
GSC,0,223,0.93589914,0.9447442,0.41031155,0.6550385,0.050294675,0.15187994,0.3316883
GSC,0,224,0.9952559,0.7877637,0.4313103,0.38110527,0.059402592,-0.08226407,0.10453796
GSC,0,225,0.87588936,0.8842419,1.3791279,0.16835243,0.012442398,0.03213081,0.23664397
GSC,0,226,0.78262275,0.77464163,0.25047526,0.10085045,0.0074997377,0.05108458,0.12955858
GSC,0,227,0.54481936,0.9610583,0.57119536,0.15991342,0.0034780009,0.8824982,0.04092925
GSC,0,228,0.9635402,0.95578146,0.7121563,0.20892496,0.01643677,-0.029358495,0.1062861
GSC,0,229,0.6550433,0.81343895,0.27161142,0.079765275,0.035417277,0.052927613,0.1341481
GSC,0,230,0.9793759,0.9309689,2.0262444,0.74981546,0.23793663,-0.42474735,0.013366337
GSC,0,231,0.9653976,0.8934705,1.5278434,0.42582706,0.098762,0.2942512,0.31487212
GSC,0,232,0.99632215,0.9485331,0.1334317,0.47459128,0.010148559,-0.01755509,0.14362109
GSC,0,233,0.9931003,0.7269394,1.1113487,0.13059144,0.5258811,-0.06801918,0.14949979
GSC,0,234,0.84446263,0.88485754,1.5794328,0.18663852,0.0057679745,0.01038659,0.0589573
GSC,0,235,0.99671066,0.79635155,0.38492137,0.29029647,0.0036585687,-1.4903837,0.015836427
GSC,0,236,0.87940633,0.9544928,1.189739,0.25442597,0.0351135,0.0067934156,0.082709365
GSC,0,237,0.8160108,0.9422295,0.7778831,0.18880229,0.008150997,-7.3084026e-05,0.047684614
GSC,0,238,0.99075454,0.8200021,0.08014559,0.26175687,0.03750006,0.3975368,0.17760932
GSC,0,239,0.9072859,0.98814535,0.901968,0.4430169,0.012572796,0.014775968,0.09388923
GSC,0,240,0.9931787,0.9748458,1.276003,0.35690215,0.071614705,-0.07540758,0.065408416
GSC,0,241,0.92335516,0.9663182,1.1596206,0.1735702,0.63391435,0.012640794,0.10969472
GSC,0,242,0.8351134,0.9198137,2.1844392,0.27843168,0.019188864,-0.004533816,0.21265987
GSC,0,243,0.9938783,0.85618395,1.1128291,0.18158688,0.009596061,-0.033263672,0.039212048
GSC,0,244,0.9828775,0.9934087,1.1697973,0.46234667,0.1127043,-0.003644595,0.087412335
GSC,0,245,0.9974769,0.90009916,1.6153513,0.42612767,0.9184891,0.13796668,0.0931776
GSC,0,246,0.9901599,0.8265201,0.08360782,0.15807258,0.04764904,-0.0030711298,0.088892326
GSC,0,247,0.9696222,0.9697081,1.2653393,0.18244036,0.0065912176,-0.17798392,0.006048886
GSC,0,248,0.97024494,0.96039283,1.0286258,0.36583096,0.085095495,0.04863607,0.28637582
GSC,0,249,0.8972653,0.86726314,1.2427797,0.078587875,0.04575947,0.035188206,0.059369843
GSC,0,250,0.9406288,0.7975395,0.37399745,0.64349914,0.80497295,0.40484768,0.5503661
GSC,0,251,0.93049246,0.9223152,0.21738504,0.107856594,0.16793242,-2.26314,0.06455239
GSC,0,252,0.55026424,0.9087723,0.5271265,0.06060225,0.013562041,0.072088175,0.048040427
GSC,0,253,0.9882583,0.907536,0.072011776,0.42228752,0.009216216,-0.49596992,0.20917389
GSC,0,254,0.9045739,0.970401,2.0387318,0.17656602,0.009989185,0.048650134,0.26882735
GSC,0,255,0.9881941,0.8798753,0.1930784,0.38855007,0.037054516,-1.250352,0.042048268
GSC,0,256,0.9197768,0.9616352,0.101190105,0.2785291,0.14786261,-0.079849765,0.22739273
GSC,0,257,0.9969362,0.9387407,0.423328,0.07268594,0.0048236107,0.13958694,0.071570754
GSC,0,258,0.7611642,0.78186643,0.61064744,0.048517957,0.032473113,-0.09757709,0.14474526
GSC,0,259,0.33970168,0.75848067,0.7751949,0.03823099,0.014586196,-0.0055394615,0.13184819
GSC,0,260,0.99375904,0.8517922,0.19643444,0.4011526,0.004426894,-0.08665492,0.034050122
GSC,0,261,0.8933601,0.9137238,1.2798141,0.09346105,0.027735574,0.12779596,0.28159034
GSC,0,262,0.9071697,0.97223693,0.3393391,0.21275012,0.13427956,0.052397374,0.17297855
GSC,0,263,0.8982208,0.8861277,1.3930969,0.8471137,0.7941376,-0.5010878,0.1387273
GSC,0,264,0.66750807,0.8755595,0.3973237,0.42637616,0.577966,0.17796306,0.2165687
GSC,0,265,0.99332315,0.93398815,0.25296184,0.25237134,0.06845667,0.038792267,0.04836015
GSC,0,266,0.78940576,0.99278957,0.6699031,0.3403341,0.02981552,0.03521115,0.10142327
GSC,0,267,0.99460995,0.9762586,2.1089272,0.32437256,0.048645273,0.3248097,0.005259901
GSC,0,268,0.90579265,0.93459594,0.68878883,0.04049967,0.010973727,0.023809131,0.07886242
GSC,0,269,0.8794886,0.8886583,0.7651836,0.033371594,0.019689161,0.04703076,0.08975351
GSC,0,270,0.83903366,0.97742623,0.13472603,0.3803652,0.005410963,0.31028506,0.14051156
GSC,0,271,0.9991841,0.82361865,1.0972881,0.6037462,0.2581586,-0.02589847,0.06157178
GSC,0,272,0.9968528,0.9015813,0.1941472,0.24298595,0.018923953,1.5525964,0.06135004
GSC,0,273,0.9909258,0.90134937,1.2680047,0.4338103,0.032621834,-0.05749508,0.0654703
GSC,0,274,0.89872545,0.8405876,1.078343,0.48631918,0.09916683,0.044646915,0.058168318
GSC,0,275,0.83179635,0.9714488,1.4661053,0.2382339,0.0040870216,-0.03623395,0.07143152
GSC,0,276,0.9930542,0.9560153,0.3309696,0.31687894,0.0028405117,-0.16236128,0.27374175
GSC,0,277,0.7178208,0.9177888,0.54080606,0.08499241,0.08809396,-0.09883894,0.03663882
GSC,0,278,0.78011966,0.7234376,0.9417294,0.06686988,0.21105489,-0.08524455,0.11793008
GSC,0,279,0.76084864,0.96358013,0.61351746,0.070133924,0.01909615,-0.07334056,0.03398824
GSC,0,280,0.99542904,0.768149,0.3390341,0.2603106,0.03071485,-0.06544472,0.036515057
GSC,0,281,0.99085313,0.9754784,0.8260547,0.35726184,0.6088745,-1.1336275,0.17754228
GSC,0,282,0.996867,0.9682298,0.21343686,0.2865636,0.0199437,-0.07273984,0.15473907
GSC,0,283,0.8407802,0.8440873,0.8983986,0.0949118,0.03609789,-0.22873273,0.021354167
GSC,0,284,0.99996114,0.99846506,2.3977346,0.016155321,0.50452226,-0.10173133,0.0
GSC,0,285,0.99305165,0.92473614,1.1426997,0.36853486,0.07404548,-0.040551815,0.082467
GSC,0,286,0.99274266,0.6482201,1.1586422,0.5223635,0.47916093,-0.76899767,0.749902
GSC,0,287,0.99192303,0.92290026,0.24788843,0.31735876,0.008859079,0.079354025,0.13019286
GSC,0,288,0.70442736,0.95236206,0.34266743,0.13984329,0.018870773,0.089859866,0.012732054
GSC,0,289,0.51955545,0.9067362,0.49229348,0.09615794,0.028463395,-0.014453257,0.08710808
GSC,0,290,0.9814656,0.83877987,1.5343882,0.5681229,0.056706026,-0.07865293,0.21174711
GSC,0,291,0.99790764,0.9849266,0.09713964,0.4222388,0.023064883,0.14115095,0.067661926
GSC,0,292,0.95205826,0.75194186,0.2142443,0.17342666,0.020057509,0.017579222,0.14414191
GSC,0,293,0.99618405,0.91969025,0.7098119,0.4307075,0.7827191,-0.8179816,0.10419245
GSC,0,294,0.9255536,0.9752898,1.2426578,0.33411375,0.034675576,0.002562663,0.025582714
GSC,0,295,0.6512225,0.97785074,0.47031358,0.16370693,0.010797339,0.030507307,0.021529498
GSC,0,296,0.9871001,0.9105568,0.31099576,0.4547985,0.037494686,0.07137441,0.026160272
GSC,0,297,0.9764058,0.9398275,2.4159212,0.5851577,0.23139997,-0.17610443,0.064794764
GSC,0,298,0.6708617,0.9630056,0.26798952,0.27418032,0.013605085,-0.019024981,0.06728548
GSC,0,299,0.9883836,0.981657,1.8384873,0.3802654,0.1668617,-0.36637858,0.033823226
pSMNIST,0,0,0.9175533,0.83823866,0.09408562,0.89952385,0.8512417,-0.49902686,0.9729266
pSMNIST,0,1,0.8052727,0.7969562,0.5219729,0.353505,0.2622526,-0.75567746,0.6319369
pSMNIST,0,2,0.85280937,0.8466857,0.36770487,0.7377748,0.4764339,-0.08220151,0.20049758
pSMNIST,0,3,0.96099246,0.9821975,0.40509504,0.8166789,0.73552203,-1.588508,0.051585753
pSMNIST,0,4,0.67495835,0.9217329,0.88847065,0.94019693,0.8725411,0.29818627,0.0036797142
pSMNIST,0,5,0.80337477,0.64445245,0.059701584,0.83643097,0.6275058,0.2581018,0.0111553995
pSMNIST,0,6,0.8959584,0.993523,0.8618116,0.60190517,0.12206031,-0.09334892,0.0846301
pSMNIST,0,7,0.97177494,0.99606043,0.47911635,0.5786604,0.1745858,0.0653545,0.044632226
pSMNIST,0,8,0.9384368,0.8908661,0.9561439,0.82899696,0.45781317,0.015191533,0.06510483
pSMNIST,0,9,0.99908805,0.8833025,0.9323025,0.9145738,0.1251299,0.09173229,0.21346593
pSMNIST,0,10,0.8261648,0.91339445,1.3808908,0.6431991,0.5163629,-0.02682388,0.087759756
pSMNIST,0,11,0.9960937,0.98443097,0.53049344,0.7130432,0.06919679,1.5963932,0.2230834
pSMNIST,0,12,0.8768006,0.97684425,1.5163289,0.5833857,0.29416203,0.061772097,0.036085647
pSMNIST,0,13,0.99761766,0.9658328,0.59275883,0.9001409,0.29514676,1.712517,0.10973174
pSMNIST,0,14,0.95545924,0.96358943,0.28724974,0.78944963,0.7453248,-0.3964256,0.12597921
pSMNIST,0,15,0.9446457,0.9819947,0.24662045,0.83657,0.10771939,-0.35500807,0.12112165
pSMNIST,0,16,0.9882046,0.8529454,1.1658263,0.7520566,0.61108315,1.972743,0.123814836
pSMNIST,0,17,0.9556998,0.9876918,0.5073305,0.7474216,0.42977315,-1.5289336,0.12304355
pSMNIST,0,18,0.9715955,0.9264242,0.78474635,0.8067442,0.56382334,-0.10316319,0.10047566
pSMNIST,0,19,0.8771094,0.9987186,0.12528469,0.67674637,0.8296549,-0.25810504,0.275285
pSMNIST,0,20,0.9159833,0.86869776,1.5982718,0.86085576,0.8534021,-0.51046497,0.051306732
pSMNIST,0,21,0.98996747,0.9405604,0.1056978,0.72103685,0.692942,-0.47982872,0.15090548
pSMNIST,0,22,0.9597159,0.9062535,0.38291377,0.8479856,0.28849554,-0.61404306,0.09379916
pSMNIST,0,23,0.88182014,0.9703939,0.7741582,0.7839493,0.6244959,0.37356192,0.13117494
pSMNIST,0,24,0.9999604,0.97746587,0.85217017,0.48298967,0.6927156,0.04092206,0.123442814
pSMNIST,0,25,0.9686992,0.9614288,0.6875306,0.63585234,0.12459502,0.6904165,0.13968962
pSMNIST,0,26,0.98717356,0.97878027,0.27378705,0.5523708,0.8715113,-0.9162762,0.24293421
pSMNIST,0,27,0.8345555,0.9529393,0.4082503,0.49735758,0.35150078,-0.69071406,0.12077355
pSMNIST,0,28,0.8971091,0.96753,0.32474604,0.6746594,0.8911931,-0.2884797,0.17996585
pSMNIST,0,29,0.9685582,0.96205425,0.6135151,0.8472049,0.8662125,-0.0391404,0.104900084
pSMNIST,0,30,0.9606285,0.9227719,0.0627019,0.9349962,0.9356071,-0.90690976,0.02534678
pSMNIST,0,31,0.9003486,0.98691815,1.5808811,0.46445885,0.17394985,-0.35440293,0.020600818
pSMNIST,0,32,0.9986493,0.31589082,0.55627525,0.79691875,0.78313184,-2.9102232,0.01830955
pSMNIST,0,33,0.97504133,0.9420827,0.23732448,0.7532876,0.93819636,0.8873581,0.0
pSMNIST,0,34,0.9276751,0.94453466,0.6976113,0.6304994,0.52596694,-0.04921987,0.22256058
pSMNIST,0,35,0.99926966,0.9316531,0.9720007,0.23106246,0.3039985,0.17368893,0.11513672
pSMNIST,0,36,0.91228676,0.96070784,0.3010599,0.53188515,0.4445727,2.208435,0.09821428
pSMNIST,0,37,0.9568243,0.9124369,1.2416892,0.88248855,0.8665699,0.423871,0.018207245
pSMNIST,0,38,0.9702352,0.8445644,1.1403816,0.76175624,0.44666824,1.6483889,0.32295454
pSMNIST,0,39,0.9932735,0.95659596,0.30621046,0.46593827,0.8683318,1.0486715,0.12785196
pSMNIST,0,40,0.99213445,0.93207335,0.791772,0.7461127,0.6874631,0.9314315,0.27486315
pSMNIST,0,41,0.81803256,0.9740873,0.22988673,0.5523539,0.39564326,1.1566834,0.15241085
pSMNIST,0,42,0.9276826,0.9453624,0.19862486,0.7505087,0.15630512,-0.09238917,0.05656755
pSMNIST,0,43,0.83818406,0.99328244,1.5278105,0.18178578,0.16916697,-0.53200483,0.08468126
pSMNIST,0,44,0.9944278,0.89969975,1.4120408,0.6756329,0.8095915,-0.6719616,0.011971859
pSMNIST,0,45,0.9957339,0.99600947,0.24137037,0.92035544,0.21501637,1.0512081,0.10956965
pSMNIST,0,46,0.31921425,0.29309657,1.5855635,0.2319627,0.19153628,-0.052379914,0.3303432
pSMNIST,0,47,0.93719864,0.9613427,0.32359165,0.86497027,0.8653105,-0.7830473,0.054304846
pSMNIST,0,48,0.94608665,0.98014337,1.0382707,0.46178275,0.51838887,0.39466983,0.06351908
pSMNIST,0,49,0.9958901,0.9860423,0.18766975,0.79604226,0.5942411,0.5472851,0.056717023
pSMNIST,0,50,0.87504166,0.95147794,1.1151645,0.5853259,0.39966303,-0.2417346,0.09462891
pSMNIST,0,51,0.97493285,0.9871924,0.3285965,0.70177746,0.32524946,-0.26572394,0.13654736
pSMNIST,0,52,0.986753,0.8699531,1.0828726,0.5081707,0.88018745,1.0472798,0.08157087
pSMNIST,0,53,0.9669949,0.790577,0.56561255,0.79981,0.57962096,-0.13747519,0.2136938
pSMNIST,0,54,0.96965706,0.85260445,0.23421055,0.93621194,0.8999903,0.2912741,0.0034106611
pSMNIST,0,55,0.9689688,0.9507313,0.7500444,0.74437475,0.13834342,0.34882978,0.10608325
pSMNIST,0,56,0.9978528,0.9329186,1.043014,0.83147025,0.52858144,-0.08387117,0.099527
pSMNIST,0,57,0.9509823,0.928341,0.6973351,0.7486726,0.2806775,-0.017011382,0.14005965
pSMNIST,0,58,0.9671705,0.9801063,0.52846396,0.75500166,0.051787276,0.023086831,0.24706899
pSMNIST,0,59,0.99979955,0.98743224,0.07139863,0.41501284,0.6951534,2.4179597,0.23801817
pSMNIST,0,60,0.95957506,0.9863262,0.32466614,0.7456083,0.33439294,-0.5730878,0.15144093
pSMNIST,0,61,0.98871535,0.9677912,0.05961983,0.7986364,0.35213247,0.13018559,0.15689573
pSMNIST,0,62,0.86472356,0.65842444,0.9925471,0.9101501,0.8839865,-0.5607818,0.11239769
pSMNIST,0,63,0.9874107,0.7214126,1.3515658,0.57240146,0.8096244,-0.3770743,0.122489505
pSMNIST,1,0,0.96472025,0.9760784,0.29885712,0.48608127,0.022379955,-0.024871856,0.058759168
pSMNIST,1,1,0.9209174,0.998718,2.85411,0.4017455,0.022309422,0.0630903,0.040185213
pSMNIST,1,2,0.98298603,0.5691995,0.1942711,0.8901035,0.8945154,-0.85530686,0.0098294
pSMNIST,1,3,0.9040725,0.88043714,0.105601646,0.9201053,0.90253043,-0.5391785,0.026188483
pSMNIST,1,4,0.93666106,0.9576596,1.7514627,0.71756715,0.15119743,0.9806023,0.004651626
pSMNIST,1,5,0.9889791,0.96999085,0.33272123,0.40787464,0.10070081,-1.7841727,0.091373034
pSMNIST,1,6,0.98936355,0.900746,1.8758053,0.80845714,0.8177057,1.2235501,0.069895305
pSMNIST,1,7,0.99454135,0.9652826,0.19194455,0.502163,0.8164077,0.80249155,0.012918527
pSMNIST,1,8,0.40588835,0.67218274,0.3372938,0.6988802,0.8075258,-2.4692612,0.04323714
pSMNIST,1,9,0.992778,0.8445247,0.5830914,0.29688033,0.6969276,0.5031678,0.008397773
pSMNIST,1,10,0.9875015,0.6812388,0.19273023,0.7926819,0.9375475,0.41486657,0.6758045
pSMNIST,1,11,0.9786647,0.85544497,2.3677006,0.95159113,0.14200707,1.5589489,0.19903407
pSMNIST,1,12,0.9705173,0.92697626,0.470356,0.8691267,0.87656486,0.25866023,0.0
pSMNIST,1,13,0.95002824,0.9971397,0.32149562,0.4265857,0.2310844,2.0029085,0.21666135
pSMNIST,1,14,0.902855,0.98640037,1.3849809,0.40683118,0.02633763,0.3356423,0.085413344
pSMNIST,1,15,0.9223824,0.99659604,0.849549,0.2871559,0.102377184,0.06896871,0.062414967
pSMNIST,1,16,0.9857087,0.9242192,0.7605824,0.851606,0.3247885,0.056349996,0.044561144
pSMNIST,1,17,0.9954325,0.96589345,0.15910578,0.50366056,0.11528316,1.2611352,0.041187022
pSMNIST,1,18,0.9842658,0.94509315,0.99106675,0.8184417,0.95165664,0.6450004,0.0
pSMNIST,1,19,0.9765316,0.9348667,2.2088668,0.6269103,0.15039611,-0.0029533885,0.035930194
pSMNIST,1,20,0.67047656,0.9773809,0.19998589,0.13107911,0.4525535,-1.8503426,0.021334236
pSMNIST,1,21,0.96443397,0.8746945,0.3714147,0.4669827,0.7504841,0.2254203,0.007430511
pSMNIST,1,22,0.9720372,0.928134,0.38652745,0.8917935,0.8428418,0.8944195,0.09476576
pSMNIST,1,23,0.9841313,0.9666708,1.8550903,0.8136648,0.7970524,-0.9114315,0.0
pSMNIST,1,24,0.9593323,0.8942273,2.4249017,0.47096953,0.3696227,0.04246666,0.086696826
pSMNIST,1,25,0.9997471,0.9623072,0.15767111,0.31082425,0.44622922,-1.8181005,0.1244991
pSMNIST,1,26,0.9938036,0.895335,1.9845374,0.5211472,0.08115065,0.59915197,0.17615394
pSMNIST,1,27,0.9466631,0.961095,0.069427945,0.51208043,0.2556607,-2.260343,0.055650774
pSMNIST,1,28,0.9906854,0.9912963,0.33187583,0.94007546,0.13300766,0.8328741,0.019230973
pSMNIST,1,29,0.8013588,0.9848601,1.7378973,0.25889105,0.20995577,-0.2861376,0.2301678
pSMNIST,1,30,0.8613518,0.9943342,0.32944402,0.34363285,0.65967274,3.065184,0.07433102
pSMNIST,1,31,0.97000307,0.97174454,0.32736823,0.42793632,0.15911429,-0.9719296,0.09636015
pSMNIST,1,32,0.9861828,0.8987106,2.0858357,0.5722785,0.15010886,0.12347445,0.12121333
pSMNIST,1,33,0.9797416,0.96272045,1.8916165,0.62101847,0.030357786,0.32188243,0.1643681
pSMNIST,1,34,0.9042674,0.9343358,2.5612884,0.74285954,0.88592184,-0.024010872,0.053598
pSMNIST,1,35,0.97618246,0.78995425,1.340043,0.95756876,0.7383597,-0.45133567,0.0
pSMNIST,1,36,0.9972773,0.98891395,2.9651966,0.7621075,0.21573116,0.004079867,0.0076577114
pSMNIST,1,37,0.983253,0.99172884,0.41392568,0.8500243,0.72599113,0.21457873,0.010404709
pSMNIST,1,38,0.99669325,0.9275364,0.31242207,0.9372796,0.25794578,0.70263255,0.40081182
pSMNIST,1,39,0.94694316,0.8676456,0.97169495,0.9326037,0.76277345,-0.9833821,0.004073661
pSMNIST,1,40,0.95940584,0.9913304,0.66258216,0.7086768,0.5493582,-0.8183002,0.003954082
pSMNIST,1,41,0.9927759,0.76597,0.5922802,0.80502635,0.29961503,0.17047004,0.26065117
pSMNIST,1,42,0.9673633,0.9897947,1.3519441,0.7040562,0.22073458,-0.78208834,0.007032579
pSMNIST,1,43,0.9858046,0.88816255,2.4676712,0.5828576,0.01121223,0.14331087,0.17402211
pSMNIST,1,44,0.94292015,0.9195591,2.5012472,0.73206264,0.2593426,0.021016074,0.061252393
pSMNIST,1,45,0.93650806,0.9238612,0.7833322,0.9814061,0.64010423,1.4008799,0.20520036
pSMNIST,1,46,0.9379466,0.87507015,1.7030704,0.09848494,0.43191725,1.3015668,0.036312845
pSMNIST,1,47,0.99065804,0.9795161,2.4996367,0.72518396,0.20260428,0.032256726,0.03342634
pSMNIST,1,48,0.5987251,0.8829561,2.7571628,0.9186576,0.53424305,0.5879939,0.047796424
pSMNIST,1,49,0.9130526,0.96489114,0.12889628,0.91719556,0.027439,-0.6173725,0.03944316
pSMNIST,1,50,0.97902155,0.9982316,1.5748594,0.18897709,0.62908477,2.1450264,0.08702301
pSMNIST,1,51,0.9398697,0.9650935,0.67244095,0.5493028,0.0039847787,0.0074129463,0.03812513
pSMNIST,1,52,0.65356696,0.5917477,0.371921,0.83868784,0.8719626,0.38774273,0.2686178
pSMNIST,1,53,0.97095,0.95203704,0.931822,0.6305294,0.2072686,0.17676404,0.016906489
pSMNIST,1,54,0.9027611,0.60852426,0.12969306,0.49539292,0.9497501,0.87928987,0.07063935
pSMNIST,1,55,0.9279566,0.9539841,0.4983406,0.9109694,0.3008363,-0.23545064,0.0048974277
pSMNIST,1,56,0.70331377,0.8622276,1.4482516,0.8647033,0.6346706,0.7183343,0.0
pSMNIST,1,57,0.99606967,0.9322707,1.9188099,0.8997725,0.24064769,0.88769615,0.20175117
pSMNIST,1,58,0.99025786,0.9797815,2.0432785,0.8360539,0.90777516,1.8711082,0.0
pSMNIST,1,59,0.97953266,0.9924049,2.1671739,0.55973005,0.13291253,0.001077248,0.10050954
pSMNIST,1,60,0.7783466,0.94129854,0.5225401,0.89169145,0.8417385,0.8869436,0.0
pSMNIST,1,61,0.99960786,0.8248475,1.3696145,0.8110565,0.256291,0.63322186,0.006196189
pSMNIST,1,62,0.97796816,0.98592526,1.2773448,0.9160089,0.81010294,-0.6378154,0.0
pSMNIST,1,63,0.90824753,0.99551314,1.4828019,0.46190038,0.10092558,-0.02066454,0.08549904
pSMNIST,1,64,0.9739222,0.9479044,0.16040954,0.87510914,0.814537,-0.39410773,0.0
pSMNIST,1,65,0.9401102,0.9335017,0.35504657,0.95363355,0.37134692,-0.10740696,0.053785343
pSMNIST,1,66,0.9647168,0.9335112,0.7004677,0.82682943,0.024997594,-0.44348487,0.16717753
pSMNIST,1,67,0.28017455,0.5765344,0.3669673,0.62352043,0.30666652,-0.07047706,0.024506405
pSMNIST,1,68,0.9871187,0.99213433,0.5197792,0.5794688,0.014524415,0.9250219,0.4378262
pSMNIST,1,69,0.9270987,0.9280897,0.15092508,0.34725475,0.16223767,-2.1332605,0.075748034
pSMNIST,1,70,0.88766694,0.98510736,0.41114062,0.69751304,0.15640193,0.15888332,0.045288585
pSMNIST,1,71,0.961535,0.93875927,1.0975244,0.56694335,0.09863492,0.5073384,0.18669683
pSMNIST,1,72,0.9586491,0.9595644,0.4831798,0.71645606,0.69383776,-0.9000051,0.062444195
pSMNIST,1,73,0.9195465,0.9825764,1.674063,0.78837,0.8384871,1.4969001,0.17250279
pSMNIST,1,74,0.86589867,0.831581,0.3180383,0.9639214,0.9205556,0.079805255,0.0
pSMNIST,1,75,0.9838224,0.40469676,0.39114535,0.6251226,0.7965737,1.4906934,0.14195564
pSMNIST,1,76,0.95074815,0.9731294,1.7243977,0.33140984,0.0036703097,0.41496542,0.10475792
pSMNIST,1,77,0.99332905,0.75109893,1.5179436,0.70384485,0.7364504,0.06438578,0.028702302
pSMNIST,1,78,0.96824783,0.8769406,0.43033195,0.59917986,0.56742686,-1.7799476,0.28949964
pSMNIST,1,79,0.99116933,0.8407323,1.1928318,0.8657093,0.071877256,-0.4949048,0.23443146
pSMNIST,1,80,0.86690086,0.89165866,1.2363908,0.8141612,0.9048733,0.22290888,0.0014834449
pSMNIST,1,81,0.9775579,0.8721227,1.4118223,0.86234015,0.85814154,0.9677391,0.0
pSMNIST,1,82,0.98964405,0.9760066,0.28632292,0.9646347,0.2693371,1.0662605,0.015736608
pSMNIST,1,83,0.99551034,0.97377926,2.014526,0.81202316,0.09051472,-0.36942285,0.33175954
pSMNIST,1,84,0.9704231,0.9939051,2.2199388,0.7031702,0.041857544,-0.2258132,0.16831486
pSMNIST,1,85,0.73521245,0.94862777,0.35247633,0.35557863,0.024971182,-0.9432372,0.06859388
pSMNIST,1,86,0.9700888,0.9472829,0.64387906,0.3445751,0.136408,-0.13163729,0.07807119
pSMNIST,1,87,0.9645336,0.81123036,1.4453465,0.48722067,0.07253493,0.016997173,0.08120616
pSMNIST,1,88,0.97873884,0.9373556,1.268278,0.6416045,0.88465947,0.84309316,0.01835406
pSMNIST,1,89,0.9786027,0.93955916,0.597119,0.20198457,0.7307145,0.52118623,0.31065914
pSMNIST,1,90,0.9935209,0.89644915,1.4220612,0.9472245,0.012243478,0.7869734,0.06164767
pSMNIST,1,91,0.9475733,0.9771733,0.60363585,0.5094142,0.0124193225,-0.039337527,0.1373957
pSMNIST,1,92,0.9520953,0.9053454,2.2873795,0.87965786,0.046812657,-0.22211528,0.026153939
pSMNIST,1,93,0.9680855,0.9764231,0.15259078,0.876683,0.034956694,0.58874494,0.008243649
pSMNIST,1,94,0.94369376,0.96362346,0.39484254,0.86724603,0.79283595,0.02751582,0.00082576
pSMNIST,1,95,0.9844066,0.9902237,1.8878546,0.9146816,0.82729375,-0.99493223,0.0
pSMNIST,1,96,0.9443997,0.9962857,0.9949968,0.1777196,0.010397381,-0.044824034,0.06289594
pSMNIST,1,97,0.9742303,0.9381159,0.45561755,0.67815703,0.03292578,0.03741484,0.063675195
pSMNIST,1,98,0.930097,0.93423975,2.843087,0.70501107,0.26671168,0.447325,0.017358897
pSMNIST,1,99,0.8434035,0.9995623,1.4383154,0.21521135,0.17639934,0.006236225,0.07348334
pSMNIST,1,100,0.9876495,0.8996592,0.077646196,0.2951207,0.069465205,-5.05004,0.33551434
pSMNIST,1,101,0.9960699,0.9585712,1.0042785,0.6816218,0.5292114,1.4263351,0.024291161
pSMNIST,1,102,0.98017865,0.9856354,1.5716906,0.81568664,0.47286564,0.6453126,0.00010297087
pSMNIST,1,103,0.921125,0.98571336,0.9819292,0.47026047,0.072791755,-0.34743142,0.111243755
pSMNIST,1,104,0.88819355,0.93836296,0.1281713,0.45047683,0.08822036,-0.5341956,0.036177322
pSMNIST,1,105,0.5241153,0.86013,0.7136932,0.77372515,0.5849596,-0.11676056,0.033887383
pSMNIST,1,106,0.8975918,0.9092141,0.2209136,0.8545708,0.81877166,-0.30159822,0.004812394
pSMNIST,1,107,0.99924517,0.9706543,1.2292403,0.8502037,0.8022692,-1.763333,0.010143627
pSMNIST,1,108,0.9295966,0.9868057,0.30129325,0.76604545,0.72549325,1.4426727,0.02687872
pSMNIST,1,109,0.98465586,0.97698087,1.6387173,0.941583,0.8363403,0.47532383,0.0
pSMNIST,1,110,0.9866109,0.7101519,0.8426561,0.56113005,0.64151305,-1.9224186,0.07326544
pSMNIST,1,111,0.32784468,0.92896175,0.18807743,0.759771,0.5809032,0.06604537,0.63196015
pSMNIST,1,112,0.95602924,0.96494186,0.8873826,0.23689587,0.4038732,-0.36524618,0.0059251436
pSMNIST,1,113,0.9877862,0.9872729,0.25196442,0.9626719,0.009913595,0.3987292,0.17068386
pSMNIST,1,114,0.8960914,0.9170796,2.0762172,0.98631454,0.9088895,-1.543932,0.0
pSMNIST,1,115,0.9922841,0.98284346,2.3980684,0.76937944,0.115105286,-0.12701154,0.0012715242
pSMNIST,1,116,0.9816108,0.807046,1.0516961,0.6247001,0.73542476,1.2289878,0.0
pSMNIST,1,117,0.9192029,0.89893895,0.39263436,0.34070787,0.15224583,-0.15786055,0.15868609
pSMNIST,1,118,0.87743914,0.94851536,0.25813362,0.87062514,0.8475716,-0.19895445,0.9589033
pSMNIST,1,119,0.9979625,0.8819137,0.57925856,0.38410243,0.12668286,0.13987447,0.0055019665
pSMNIST,1,120,0.96220887,0.92755735,0.46968734,0.901504,0.6065299,0.65250605,0.0
pSMNIST,1,121,0.9591358,0.976601,1.9584093,0.87661237,0.8005451,0.49632615,0.0
pSMNIST,1,122,0.96863425,0.95904297,0.20676316,0.5330297,0.19764972,0.6203172,0.057018626
pSMNIST,1,123,0.9636741,0.9878405,0.6167791,0.37950158,0.4466419,1.9225787,0.07060879
pSMNIST,1,124,0.96845186,0.6066171,0.74584866,0.728496,0.6902771,1.3229742,0.00017206102
pSMNIST,1,125,0.9779928,0.97428644,2.5282316,0.72122705,0.7406345,-1.17895,0.0
pSMNIST,1,126,0.991727,0.9490754,0.452258,0.7383504,0.55976576,0.5281431,0.0033953816
pSMNIST,1,127,0.976891,0.86819863,1.1804781,0.8475945,0.74292475,1.8879337,1.3286565e-06
pSMNIST,1,128,0.8972085,0.9714153,0.07120367,0.3995198,0.10534838,-2.2398343,0.10307053
pSMNIST,1,129,0.73945147,0.86065996,1.4941026,0.32372904,0.009520988,0.05059648,0.028911564
pSMNIST,1,130,0.9820197,0.41879815,1.2482588,0.5989686,0.90927863,0.8514677,0.71825707
pSMNIST,1,131,0.97892773,0.97995317,1.6339319,0.41073433,0.28263414,0.13643982,0.1056913
pSMNIST,1,132,0.9539487,0.9587644,0.15020321,0.62508816,0.33107764,2.2127671,0.009335805
pSMNIST,1,133,0.9446039,0.88938034,3.0193563,0.8689601,0.6841715,2.0582852,0.018128853
pSMNIST,1,134,0.9866911,0.9851843,0.54777265,0.576219,0.030337468,-0.028184505,0.14774327
pSMNIST,1,135,0.96893144,0.94239634,0.612632,0.84044486,0.9060718,0.7683933,0.05489942
pSMNIST,1,136,0.9802674,0.95793194,2.0913298,0.5596643,0.8936966,0.9325451,0.0005268123
pSMNIST,1,137,0.9935754,0.94155467,0.5307153,0.9083776,0.1666821,-0.7623666,0.13848719
pSMNIST,1,138,0.9999809,0.9771253,0.13967597,0.26361334,0.49252605,-2.6752846,0.13328683
pSMNIST,1,139,0.95616996,0.9561958,0.08127932,0.24697515,0.124966495,1.4082061,0.100875586
pSMNIST,1,140,0.9998394,0.9650365,0.1121125,0.13373227,0.2052522,-1.4051424,0.16094083
pSMNIST,1,141,0.737986,0.93349344,0.27551398,0.7783323,0.73078686,1.2975365,0.011403194
pSMNIST,1,142,0.9942568,0.993414,2.48933,0.8825807,0.08609197,-0.022660369,0.81632984
pSMNIST,1,143,0.97576636,0.9893951,0.18614472,0.37246525,0.08105709,-1.75122,0.117347606
pSMNIST,1,144,0.9747362,0.7290132,0.90526795,0.24603002,0.30178773,-4.231792,0.16841917
pSMNIST,1,145,0.96410906,0.9855559,1.8537428,0.8230118,0.8622699,-1.0797005,0.0
pSMNIST,1,146,0.96873325,0.8206316,1.2252387,0.91752034,0.57060575,-0.33186918,0.0
pSMNIST,1,147,0.984969,0.9524764,1.1869671,0.7502541,0.19553344,0.114544176,0.037806254
pSMNIST,1,148,0.9347874,0.9108874,0.5391498,0.7517708,0.67724484,-1.1145416,0.09178758
pSMNIST,1,149,0.81623304,0.9414004,0.1418269,0.35960272,0.2171467,1.7592454,0.085037336
pSMNIST,1,150,0.99974984,0.96904355,0.14358133,0.6655485,0.50612175,1.7580996,0.20847417
pSMNIST,1,151,0.97097653,0.9033994,2.2201788,0.8956448,0.15910713,0.049842484,0.0021770035
pSMNIST,1,152,0.9131437,0.9893931,0.19548298,0.44947356,0.107794635,0.46838182,0.068445735
pSMNIST,1,153,0.99264455,0.9813172,0.31666657,0.7843675,0.06412457,-0.7772587,0.32881922
pSMNIST,1,154,0.9400003,0.9545732,0.83377224,0.70972663,0.7474249,0.26350927,0.008302774
pSMNIST,1,155,0.94801784,0.9495437,0.7099271,0.78470546,0.87589383,0.30587542,0.0
pSMNIST,1,156,0.9271592,0.9839626,2.5065782,0.45367095,0.20469809,2.3175168,0.048433512
pSMNIST,1,157,0.98727256,0.6628214,0.2786467,0.7934016,0.5976521,-0.13325864,0.0024487139
pSMNIST,1,158,0.99562126,0.99136317,2.2021973,0.8119298,0.6355243,-0.39701667,0.0034717794
pSMNIST,1,159,0.82479036,0.8393871,1.4838862,0.8423621,0.84107685,0.8979524,0.059808142
pSMNIST,1,160,0.919043,0.9876673,0.46435034,0.8378229,0.027546769,-0.90138805,0.04765027
pSMNIST,1,161,0.96820754,0.9788831,2.3381555,0.62080544,0.36596334,2.0790126,0.0010981346
pSMNIST,1,162,0.9908546,0.9728813,0.31248742,0.5005031,0.23511769,0.2485595,0.03756311
pSMNIST,1,163,0.97857124,0.97319734,2.3020308,0.42198756,0.06548847,0.11897157,0.0032412575
pSMNIST,1,164,0.9260209,0.99799865,2.374266,0.62413657,0.029809592,-0.18642649,0.088197544
pSMNIST,1,165,0.93603927,0.97012323,0.54855716,0.36390498,0.053092767,-0.06305037,0.023763021
pSMNIST,1,166,0.934848,0.83810925,0.12589362,0.91730046,0.94470155,0.053227194,0.004746625
pSMNIST,1,167,0.9998388,0.9832366,0.329358,0.69044465,0.031349998,0.12631716,0.026678093
pSMNIST,1,168,0.90172005,0.9975442,0.24856886,0.2972397,0.023245133,0.41608447,0.11054488
pSMNIST,1,169,0.9165319,0.897042,0.7210998,0.9433851,0.3572911,0.28808933,0.38824737
pSMNIST,1,170,0.9579157,0.9773142,1.3297113,0.57475847,0.016054144,-0.006532006,0.03875691
pSMNIST,1,171,0.97000474,0.94256604,0.47542718,0.6786193,0.4455903,-1.9720693,0.11110358
pSMNIST,1,172,0.99996555,0.96912146,0.7157595,0.72218513,0.64154464,0.7625372,0.08023291
pSMNIST,1,173,0.9876751,0.9802521,0.2021724,0.78986514,0.5629355,-0.23183985,0.0037913213
pSMNIST,1,174,0.98307866,0.97686076,0.2552942,0.2695055,0.07596997,-0.8865912,0.12450641
pSMNIST,1,175,0.9807522,0.9162079,0.80629855,0.9167474,0.4132341,-1.1438062,0.20877512
pSMNIST,1,176,0.99895287,0.81274635,0.43261424,0.9575442,0.33723187,0.8800358,0.016092023
pSMNIST,1,177,0.98866606,0.9420806,0.34181267,0.3523237,0.17850296,-0.47574,0.008574485
pSMNIST,1,178,0.950141,0.9002881,2.4880733,0.42469054,0.8305046,-1.2128567,0.024683116
pSMNIST,1,179,0.8762517,0.99679595,0.13453579,0.8051697,0.06340214,0.90784615,0.032898862
pSMNIST,1,180,0.99934083,0.9884743,0.1398116,0.15247773,0.8088634,-2.244773,0.2163664
pSMNIST,1,181,0.99563617,0.92612666,2.1428401,0.7624117,0.10045181,0.761375,0.17406197
pSMNIST,1,182,0.98878586,0.8928002,0.60660654,0.82564956,0.015990859,0.5851923,0.22489835
pSMNIST,1,183,0.9520028,0.99637836,2.7979999,0.5240033,0.06543844,-0.09142247,0.08107329
pSMNIST,1,184,0.98702234,0.946628,1.5622449,0.9399445,0.1778278,1.4156036,0.22259314
pSMNIST,1,185,0.9772335,0.8537207,1.9057294,0.6946148,0.07446996,-0.14061391,0.19239876
pSMNIST,1,186,0.9939422,0.9303591,1.0141815,0.65801674,0.5830814,1.7915976,0.29215428
pSMNIST,1,187,0.9301313,0.9342037,0.3052261,0.63728684,0.8365427,-0.82915044,0.0102087315
pSMNIST,1,188,0.96751106,0.8609777,2.377697,0.4436719,0.96552813,-0.72914696,0.0
pSMNIST,1,189,0.9993135,0.9394622,1.663311,0.59460133,0.58947587,-0.79330075,0.17768322
pSMNIST,1,190,0.95243466,0.9641256,0.24023287,0.50498796,0.22324973,-0.28793883,0.013315795
pSMNIST,1,191,0.9385847,0.8740475,0.60641503,0.29423955,0.19974835,0.05931843,0.006954852
pSMNIST,1,192,0.9610288,0.9834841,1.5305823,0.82364565,0.8934841,-0.63033646,0.0
pSMNIST,1,193,0.9909561,0.98449683,2.006597,0.8915247,0.7292164,0.1548597,0.0
pSMNIST,1,194,0.9676124,0.97369385,0.34033585,0.88330334,0.14290458,0.15602335,0.17949285
pSMNIST,1,195,0.91614974,0.9976895,0.22897878,0.5500464,0.18336861,-0.019994836,0.056192867
pSMNIST,1,196,0.9462922,0.9926918,0.29738227,0.28723788,0.10011183,-0.4104024,0.12208892
pSMNIST,1,197,0.98540074,0.9332752,0.90399474,0.89470834,0.77762574,0.5397957,0.0
pSMNIST,1,198,0.97034675,0.93464875,0.07454795,0.59145886,0.17268461,0.39068195,0.058448926
pSMNIST,1,199,0.99762434,0.906683,2.2448666,0.93474746,0.34841368,0.5559361,0.20937167
pSMNIST,1,200,0.97794116,0.9294431,0.4512016,0.8645258,0.07176892,-0.03905483,0.22061145
pSMNIST,1,201,0.99089885,0.9271518,2.7143424,0.9032238,0.266376,-0.818356,0.0
pSMNIST,1,202,0.9209422,0.76039314,0.6295087,0.7926052,0.12024508,-0.45626843,0.00516183
pSMNIST,1,203,0.80745625,0.97604275,2.2145686,0.42862457,0.012509671,-0.88640755,0.06565822
pSMNIST,1,204,0.91427976,0.8796662,1.8565338,0.36077404,0.05500576,0.01210536,0.060724914
pSMNIST,1,205,0.9572753,0.9526518,1.3715726,0.41015467,0.122176655,1.5240351,0.042550888
pSMNIST,1,206,0.9909759,0.99090695,0.8362776,0.68661475,0.066467546,-0.17675702,6.6432824e-07
pSMNIST,1,207,0.98588854,0.9556457,1.0261645,0.61532044,0.14919521,0.8855794,0.019578418
pSMNIST,1,208,0.9628923,0.9660294,0.8443473,0.74198294,0.7905453,0.9027907,0.00047499468
pSMNIST,1,209,0.9783895,0.9482088,2.1856985,0.8463429,0.79857165,-0.58425623,0.0033369206
pSMNIST,1,210,0.98224133,0.95553374,1.39117,0.58583313,0.02157465,-0.12262462,0.015353289
pSMNIST,1,211,0.9948264,0.99408156,1.1494389,0.7685841,0.36030272,0.517118,0.0006450627
pSMNIST,1,212,0.9719392,0.8520708,1.2985694,0.8205891,0.10886352,0.1265432,0.14198488
pSMNIST,1,213,0.9856976,0.8615313,1.44222,0.9232078,0.4250175,0.2832771,0.0
pSMNIST,1,214,0.95574355,0.94621336,0.785874,0.4006789,0.2713784,0.060219526,0.0065097525
pSMNIST,1,215,0.91395587,0.97113615,0.5121262,0.8487586,0.81579405,1.5709057,0.099896364
pSMNIST,1,216,0.98016435,0.98138934,0.23114824,0.8080619,0.6749529,1.3012655,0.02693386
pSMNIST,1,217,0.9921388,0.7486483,1.1723998,0.37825242,0.67505896,-0.7094842,0.0046609268
pSMNIST,1,218,0.94083476,0.97271603,1.9364995,0.5363143,0.12459751,0.017676493,0.10784306
pSMNIST,1,219,0.9884127,0.986878,1.0571154,0.80094457,0.21871492,-0.8387268,0.00036737352
pSMNIST,1,220,0.98642,0.69291574,0.84000254,0.8320059,0.032841165,-0.6253338,0.186835
pSMNIST,1,221,0.87686574,0.9871672,1.1793425,0.39584672,0.8592284,0.011589137,0.03899208
pSMNIST,1,222,0.9950405,0.9231906,1.0835768,0.82695514,0.008822343,0.023230921,0.08705025
pSMNIST,1,223,0.929175,0.93783796,0.47516918,0.4230024,0.18083613,-0.6304121,0.112207696
pSMNIST,1,224,0.9900097,0.9620535,1.4212981,0.5613509,0.12881301,0.119511105,0.11472949
pSMNIST,1,225,0.8743696,0.95499367,2.153981,0.5657131,0.20128119,-0.01241327,0.042752843
pSMNIST,1,226,0.96798116,0.80686086,1.4244695,0.9592327,0.90047383,0.311011,0.0
pSMNIST,1,227,0.99906915,0.9157487,0.75253624,0.41544947,0.8833699,-1.2401817,0.24467342
pSMNIST,1,228,0.9934314,0.9514629,0.1887642,0.30252492,0.7295897,-0.82495487,0.02325946
pSMNIST,1,229,0.97363245,0.93342006,0.08428552,0.91139114,0.9547276,0.34606814,0.004842953
pSMNIST,1,230,0.97341913,0.82819605,1.894609,0.66932356,0.042688474,-0.4586629,0.14354207
pSMNIST,1,231,0.9973648,0.9129841,0.37917417,0.9399999,0.5825565,1.0145934,0.49108604
pSMNIST,1,232,0.960571,0.76437575,1.7276754,0.9261695,0.57897717,-0.8366589,0.002066061
pSMNIST,1,233,0.9284037,0.97892994,2.673039,0.5149992,0.05759707,-0.07323971,0.03699179
pSMNIST,1,234,0.8250089,0.9825615,0.05172853,0.36244178,0.7852996,-1.6651253,0.16164833
pSMNIST,1,235,0.9187411,0.8804621,0.19466779,0.38608757,0.011491432,0.0051823417,0.04080304
pSMNIST,1,236,0.9357259,0.71077335,2.0778823,0.8963138,0.3062621,0.8289629,0.0
pSMNIST,1,237,0.97864884,0.83616775,0.8995575,0.7616474,0.6746587,-0.5163048,0.0
pSMNIST,1,238,0.9948689,0.98005563,1.9476203,0.70298684,0.3046736,-1.4323102,0.106022134
pSMNIST,1,239,0.98889005,0.91950214,0.7332849,0.72889185,0.2152171,0.37570634,0.14862484
pSMNIST,1,240,0.77784663,0.99096346,0.60444665,0.4924378,0.014468413,-0.037635,0.025210593
pSMNIST,1,241,0.98577416,0.9765985,1.402012,0.92948556,0.4015594,0.661965,0.0009327168
pSMNIST,1,242,0.8686113,0.98483974,0.32132846,0.84207845,0.81969935,-0.26299992,0.10986129
pSMNIST,1,243,0.97068125,0.8679134,1.265361,0.95529056,0.9715116,-1.5786715,0.0
pSMNIST,1,244,0.99307853,0.97699046,0.26622167,0.827329,0.8138386,0.8106457,0.005676685
pSMNIST,1,245,0.9963642,0.9464372,0.7482025,0.62586915,0.5357101,0.24110033,0.3670234
pSMNIST,1,246,0.99926406,0.9887645,0.6877449,0.15392697,0.04137381,-1.3563663,0.11668261
pSMNIST,1,247,0.9670628,0.94663733,0.5829673,0.757256,0.071805105,-0.4841712,0.0
pSMNIST,1,248,0.99366176,0.92479336,0.19018182,0.8792044,0.45524794,0.44939888,0.013831314
pSMNIST,1,249,0.9870194,0.93255943,0.81383795,0.9471197,0.018869165,1.8562287,0.18149647
pSMNIST,1,250,0.9974401,0.9678044,0.99445254,0.607655,0.63738513,1.4996239,0.24355468
pSMNIST,1,251,0.9728785,0.9839564,0.57494724,0.5463407,0.10586818,0.8647507,0.06855934
pSMNIST,1,252,0.9955149,0.9036565,0.6870162,0.6258923,0.7230955,-0.65856427,0.2973965
pSMNIST,1,253,0.97072685,0.97430295,1.2002434,0.60994565,0.1747088,-0.007528015,0.019528592
pSMNIST,1,254,0.4542474,0.47437426,0.61111134,0.6348405,0.8007469,-0.90934354,0.0043872236
pSMNIST,1,255,0.9186759,0.9386747,0.15029117,0.03678789,0.567481,-1.9994973,0.09796317
